Workbook

Sheet Risk Treatment Plan
A1: NovaCart Technologies Pvt. Ltd. Information Security Risk Treatment Plan
A3: Risk ID | B3: Asset | C3: Risk Description | D3: Current Risk Level | E3: Treatment Option | F3: Treatment Action | G3: Security Measure | H3: Risk Owner | I3: Target Date | J3: Residual Likelihood | K3: Residual Impact | L3: Residual Risk Level | M3: Treatment Status
A4: RA-001 | B4: Customer Database | C4: Data breach due to weak access controls | D4: Critical | E4: Mitigate | F4: Implement MFA and review database access permissions | G4: MFA, RBAC, database encryption | H4: IT Manager | I4: 46295 | J4: Medium | K4: High | L4: High | M4: Planned
A5: RA-002 | B5: Transaction Database | C5: SQL injection due to insecure input validation | D5: High | E5: Mitigate | F5: Implement secure input validation and conduct application security testing | G5: WAF, secure coding, input validation | H5: IT Manager | I5: 46310 | J5: Low | K5: High | L5: Medium | M5: Planned
A6: RA-003 | B6: Employee Records | C6: Unauthorized access due to weak password practices | D6: High | E6: Mitigate | F6: Enable MFA and perform periodic access reviews | G6: MFA, password policy, access reviews | H6: HR Manager | I6: 46295 | J6: Low | K6: High | L6: Medium | M6: Planned
A7: RA-004 | B7: Product Database | C7: Data corruption due to improper database permissions | D7: Medium | E7: Mitigate | F7: Review database permissions and implement change approval | G7: RBAC, change management | H7: Operations Manager | I7: 46326 | J7: Low | K7: Medium | L7: Low | M7: Planned
A8: RA-005 | B8: Financial Records | C8: Ransomware attack due to outdated endpoint protection | D8: Critical | E8: Mitigate | F8: Deploy EDR and strengthen backup procedures | G8: EDR, antivirus, encrypted backups | H8: Finance Manager | I8: 46295 | J8: Medium | K8: High | L8: High | M8: Planned
A9: RA-006 | B9: Warehouse Management System | C9: System failure due to lack of redundancy | D9: High | E9: Mitigate | F9: Implement system redundancy and test recovery procedures | G9: High availability, backups, recovery testing | H9: Operations Manager | I9: 46326 | J9: Low | K9: High | L9: Medium | M9: Planned
A10: RA-007 | B10: Customer Website | C10: DDoS attack due to insufficient traffic filtering | D10: High | E10: Mitigate | F10: Configure advanced DDoS protection and monitor traffic | G10: AWS Shield, WAF, monitoring | H10: IT Manager | I10: 46295 | J10: Low | K10: High | L10: Medium | M10: Planned
A11: RA-008 | B11: Microsoft 365 Tenant | C11: Phishing attack due to low employee security awareness | D11: Critical | E11: Mitigate | F11: Conduct security awareness and phishing simulation training | G11: Email filtering, awareness training, MFA | H11: IT Manager | I11: 46280 | J11: Medium | K11: High | L11: High | M11: Planned
A12: RA-009 | B12: AWS Infrastructure | C12: Cloud misconfiguration due to incorrect IAM permissions | D12: High | E12: Mitigate | F12: Review IAM permissions and perform regular cloud configuration assessments | G12: IAM, least privilege, configuration monitoring | H12: Cloud Administrator | I12: 46295 | J12: Low | K12: High | L12: Medium | M12: Planned
A13: RA-010 | B13: Employee Laptops | C13: Malware infection due to unpatched operating systems | D13: High | E13: Mitigate | F13: Implement automated patch management and endpoint monitoring | G13: EDR, antivirus, patch management | H13: IT Manager | I13: 46280 | J13: Medium | K13: Medium | L13: Medium | M13: Planned
A14: RA-011 | B14: Network Firewall | C14: Firewall failure due to misconfigured rules | D14: High | E14: Mitigate | F14: Review and test firewall rules regularly | G14: Firewall rule review, change management | H14: IT Manager | I14: 46326 | J14: Low | K14: High | L14: Medium | M14: Planned
A15: RA-012 | B15: Core Switch | C15: Network outage due to hardware failure | D15: Medium | E15: Mitigate | F15: Replace aging hardware and implement health monitoring | G15: Network monitoring, redundancy | H15: IT Manager | I15: 46356 | J15: Low | K15: High | L15: Medium | M15: Planned
... A33: RA-030 | B33: External Backup Storage | C33: Backup data loss due to improper storage handling | D33: Medium | E33: Mitigate | F33: Perform regular backup integrity tests and verify storage security | G33: Encryption, backup testing, access control | H33: IT Manager | I33: 46326 | J33: Rare | K33: High | L33: Medium | M33: Planned

Sheet Treatment Options
A1: NovaCart Technologies Pvt. Ltd. Risk Treatment Options
A3: Treatment Option | B3: Description
A4: Mitigate | B4: Implement security controls or other actions to reduce the likelihood or impact of the risk.
A5: Accept | B5: Formally acknowledge the risk when further treatment is not justified or the remaining risk is within the organization's tolerance.
A6: Transfer | B6: Shift some or all of the risk to another party through mechanisms such as insurance or contractual arrangements.
A7: Avoid | B7: Eliminate the activity, process, or condition that creates the risk.

Sheet Residual Risk
A1: NovaCart Technologies Pvt. Ltd. Residual Risk Summary
A3: Risk ID | B3: Current Risk Level | C3: Treatment Option | D3: Residual Likelihood | E3: Residual Impact | F3: Residual Risk Level
A4: RA-001 | B4: ='Risk Treatment Plan'!D4 -> Critical | C4: ='Risk Treatment Plan'!E4 -> Mitigate | D4: ='Risk Treatment Plan'!J4 -> Medium | E4: ='Risk Treatment Plan'!K4 -> High | F4: ='Risk Treatment Plan'!L4 -> High
A5: RA-002 | B5: ='Risk Treatment Plan'!D5 -> High | C5: ='Risk Treatment Plan'!E5 -> Mitigate | D5: ='Risk Treatment Plan'!J5 -> Low | E5: ='Risk Treatment Plan'!K5 -> High | F5: ='Risk Treatment Plan'!L5 -> Medium
A6: RA-003 | B6: ='Risk Treatment Plan'!D6 -> High | C6: ='Risk Treatment Plan'!E6 -> Mitigate | D6: ='Risk Treatment Plan'!J6 -> Low | E6: ='Risk Treatment Plan'!K6 -> High | F6: ='Risk Treatment Plan'!L6 -> Medium
A7: RA-004 | B7: ='Risk Treatment Plan'!D7 -> Medium | C7: ='Risk Treatment Plan'!E7 -> Mitigate | D7: ='Risk Treatment Plan'!J7 -> Low | E7: ='Risk Treatment Plan'!K7 -> Medium | F7: ='Risk Treatment Plan'!L7 -> Low
A8: RA-005 | B8: ='Risk Treatment Plan'!D8 -> Critical | C8: ='Risk Treatment Plan'!E8 -> Mitigate | D8: ='Risk Treatment Plan'!J8 -> Medium | E8: ='Risk Treatment Plan'!K8 -> High | F8: ='Risk Treatment Plan'!L8 -> High
A9: RA-006 | B9: ='Risk Treatment Plan'!D9 -> High | C9: ='Risk Treatment Plan'!E9 -> Mitigate | D9: ='Risk Treatment Plan'!J9 -> Low | E9: ='Risk Treatment Plan'!K9 -> High | F9: ='Risk Treatment Plan'!L9 -> Medium
A10: RA-007 | B10: ='Risk Treatment Plan'!D10 -> High | C10: ='Risk Treatment Plan'!E10 -> Mitigate | D10: ='Risk Treatment Plan'!J10 -> Low | E10: ='Risk Treatment Plan'!K10 -> High | F10: ='Risk Treatment Plan'!L10 -> Medium
A11: RA-008 | B11: ='Risk Treatment Plan'!D11 -> Critical | C11: ='Risk Treatment Plan'!E11 -> Mitigate | D11: ='Risk Treatment Plan'!J11 -> Medium | E11: ='Risk Treatment Plan'!K11 -> High | F11: ='Risk Treatment Plan'!L11 -> High
A12: RA-009 | B12: ='Risk Treatment Plan'!D12 -> High | C12: ='Risk Treatment Plan'!E12 -> Mitigate | D12: ='Risk Treatment Plan'!J12 -> Low | E12: ='Risk Treatment Plan'!K12 -> High | F12: ='Risk Treatment Plan'!L12 -> Medium
A13: RA-010 | B13: ='Risk Treatment Plan'!D13 -> High | C13: ='Risk Treatment Plan'!E13 -> Mitigate | D13: ='Risk Treatment Plan'!J13 -> Medium | E13: ='Risk Treatment Plan'!K13 -> Medium | F13: ='Risk Treatment Plan'!L13 -> Medium
A14: RA-011 | B14: ='Risk Treatment Plan'!D14 -> High | C14: ='Risk Treatment Plan'!E14 -> Mitigate | D14: ='Risk Treatment Plan'!J14 -> Low | E14: ='Risk Treatment Plan'!K14 -> High | F14: ='Risk Treatment Plan'!L14 -> Medium
A15: RA-012 | B15: ='Risk Treatment Plan'!D15 -> Medium | C15: ='Risk Treatment Plan'!E15 -> Mitigate | D15: ='Risk Treatment Plan'!J15 -> Low | E15: ='Risk Treatment Plan'!K15 -> High | F15: ='Risk Treatment Plan'!L15 -> Medium
... A33: RA-030 | B33: ='Risk Treatment Plan'!D33 -> Medium | C33: ='Risk Treatment Plan'!E33 -> Mitigate | D33: ='Risk Treatment Plan'!J33 -> Rare | E33: ='Risk Treatment Plan'!K33 -> High | F33: ='Risk Treatment Plan'!L33 -> Medium

Sheet Legend
A1: NovaCart Technologies Pvt. Ltd. Risk Treatment Plan Legend
A3: Term | B3: Description
A4: Risk Treatment | B4: Process of selecting and implementing actions to modify identified information security risks.
A5: Mitigate | B5: Reduce the likelihood and/or impact of a risk through security controls or other actions.
A6: Accept | B6: Formally acknowledge and retain the risk within the organization's risk tolerance.
A7: Transfer | B7: Share or shift risk to another party through contractual, insurance, or other arrangements.
A8: Avoid | B8: Eliminate the activity or condition that creates the risk.
A9: Residual Risk | B9: Risk remaining after planned treatment actions and controls are applied.
A10: Risk Owner | B10: Person responsible for managing and monitoring the risk.
A11: Treatment Status | B11: Current progress of the selected risk treatment action.
